﻿order id,replacement order id
405-6660925-4797156,No Replacement Order ID
405-9755620-7210706,No Replacement Order ID
405-6660925-4797156,No Replacement Order ID
405-5485122-2750727,No Replacement Order ID
405-3573078-9716316,No Replacement Order ID
405-3058378-0417134,No Replacement Order ID
405-3573078-9716316,No Replacement Order ID
405-5485122-2750727,No Replacement Order ID
405-6009195-0429146,No Replacement Order ID
405-3244251-9096307,No Replacement Order ID
405-6009195-0429146,No Replacement Order ID
171-9632017-6449117,No Replacement Order ID
405-0255683-8216350,No Replacement Order ID
171-9632017-6449117,No Replacement Order ID
405-0255683-8216350,No Replacement Order ID
171-9016730-4829108,No Replacement Order ID
405-9078610-1159562,No Replacement Order ID
405-6792659-3702760,No Replacement Order ID
405-0956872-4525937,No Replacement Order ID
402-6984923-3577153,No Replacement Order ID
405-9600495-3731553,No Replacement Order ID
405-0149961-6016368,No Replacement Order ID
405-8038446-0127529,No Replacement Order ID
405-0149961-6016368,No Replacement Order ID
405-8038446-0127529,No Replacement Order ID
402-9340430-1865952,408-9923530-9084319
405-8038446-0127529,No Replacement Order ID
405-1774424-2762720,No Replacement Order ID
405-6214361-1117169,No Replacement Order ID
405-9231085-1369933,No Replacement Order ID
402-0952392-1989124,No Replacement Order ID
405-6519277-8477917,No Replacement Order ID
402-0952392-1989124,No Replacement Order ID
405-5485122-2750727,No Replacement Order ID
407-9276764-2214754,No Replacement Order ID
407-0516450-7227543,No Replacement Order ID
407-9276764-2214754,No Replacement Order ID
405-4453549-8366705,No Replacement Order ID
407-9276764-2214754,No Replacement Order ID
405-4453549-8366705,No Replacement Order ID
407-9276764-2214754,No Replacement Order ID
405-5485122-2750727,No Replacement Order ID
406-6859587-8752361,No Replacement Order ID
405-4007494-4209908,No Replacement Order ID
405-8622825-6578748,No Replacement Order ID
403-0798710-1949968,404-9240414-6473124
407-4126141-1925134,No Replacement Order ID
405-2470365-9490717,No Replacement Order ID
407-4126141-1925134,No Replacement Order ID
405-9231085-1369933,No Replacement Order ID
405-3469572-0707529,No Replacement Order ID
403-4418668-3760358,No Replacement Order ID
406-6297714-2102700,No Replacement Order ID
404-7395908-6324316,No Replacement Order ID
405-7123345-9051529,No Replacement Order ID
402-3213326-2557155,No Replacement Order ID
402-7223352-9779522,No Replacement Order ID
403-4081228-0705923,No Replacement Order ID
405-3058378-0417134,No Replacement Order ID
405-4775240-2410730,No Replacement Order ID
408-7480135-0358722,No Replacement Order ID
405-4775240-2410730,No Replacement Order ID
171-4814046-2217101,No Replacement Order ID
408-3115096-5312320,No Replacement Order ID
405-6824860-1033137,No Replacement Order ID
405-9115831-8263530,No Replacement Order ID
405-6824860-1033137,No Replacement Order ID
403-3877910-3206727,No Replacement Order ID
405-3756818-4978764,No Replacement Order ID
403-3877910-3206727,No Replacement Order ID
405-3756818-4978764,No Replacement Order ID
405-5280760-9692308,No Replacement Order ID
405-9383958-4609918,No Replacement Order ID
405-5280760-9692308,No Replacement Order ID
405-9383958-4609918,No Replacement Order ID
D01-3826500-4597421,No Replacement Order ID
405-9946889-1913137,No Replacement Order ID
405-3573078-9716316,408-9248166-1959519
405-6519277-8477917,No Replacement Order ID
405-3573078-9716316,408-9248166-1959519
407-6280249-7679555,No Replacement Order ID
408-9743881-8255510,No Replacement Order ID
407-6280249-7679555,No Replacement Order ID
408-9743881-8255510,No Replacement Order ID
404-1611300-0340343,No Replacement Order ID
405-5575725-8091502,No Replacement Order ID
405-4007494-4209908,No Replacement Order ID
405-6846938-9905957,No Replacement Order ID
408-8997494-8928323,No Replacement Order ID
405-1791674-8839548,No Replacement Order ID
408-8997494-8928323,No Replacement Order ID
406-1686092-7915529,No Replacement Order ID
408-8997494-8928323,No Replacement Order ID
406-1686092-7915529,No Replacement Order ID
404-0483313-7628306,No Replacement Order ID
405-0956003-4328360,No Replacement Order ID
404-0483313-7628306,No Replacement Order ID
405-8898969-7917920,No Replacement Order ID
408-8997494-8928323,No Replacement Order ID
404-2126741-5125131,No Replacement Order ID
408-8997494-8928323,No Replacement Order ID
404-2126741-5125131,No Replacement Order ID
408-8997494-8928323,No Replacement Order ID
405-2123349-2864354,No Replacement Order ID
408-8997494-8928323,No Replacement Order ID
405-9600495-3731553,No Replacement Order ID
408-8997494-8928323,No Replacement Order ID
402-1667834-4457906,No Replacement Order ID
408-8997494-8928323,No Replacement Order ID
402-1667834-4457906,No Replacement Order ID
405-8147398-7642733,No Replacement Order ID
405-0956872-4525937,No Replacement Order ID
407-6620777-9220322,No Replacement Order ID
405-9193673-5876319,No Replacement Order ID
407-6620777-9220322,No Replacement Order ID
405-9193673-5876319,No Replacement Order ID
402-5240041-3359529,No Replacement Order ID
408-9743881-8255510,408-5099519-0641133
402-5240041-3359529,No Replacement Order ID
408-9743881-8255510,408-0244425-4144311
402-5988560-4041964,No Replacement Order ID
408-9743881-8255510,No Replacement Order ID
402-5988560-4041964,No Replacement Order ID
408-9743881-8255510,No Replacement Order ID
402-8122432-5431534,No Replacement Order ID
406-2918964-4456343,No Replacement Order ID
402-8122432-5431534,No Replacement Order ID
404-5234429-0433113,No Replacement Order ID
403-7039486-3364337,No Replacement Order ID
405-9410490-3961120,No Replacement Order ID
403-7039486-3364337,No Replacement Order ID
405-8020300-7831527,No Replacement Order ID
403-8759623-4849960,No Replacement Order ID
405-8020300-7831527,No Replacement Order ID
403-8759623-4849960,No Replacement Order ID
405-8020300-7831527,No Replacement Order ID
408-9743881-8255510,No Replacement Order ID
405-3407243-2307555,408-3816313-3750706
405-6297838-7996338,No Replacement Order ID
405-8438416-8507561,No Replacement Order ID
405-7636389-0733914,No Replacement Order ID
405-3563076-5789919,No Replacement Order ID
405-7636389-0733914,No Replacement Order ID
405-3563076-5789919,No Replacement Order ID
405-3092324-2009169,408-1232873-5245947
405-5493915-0791528,No Replacement Order ID
405-3092324-2009169,408-1232873-5245947
405-5493915-0791528,No Replacement Order ID
405-0567745-8761926,No Replacement Order ID
405-2219380-8617945,No Replacement Order ID
405-0567745-8761926,No Replacement Order ID
405-2219380-8617945,No Replacement Order ID
403-3634113-4037156,408-0250318-4698732
403-2135723-9139560,No Replacement Order ID
405-0333814-6625116,No Replacement Order ID
405-9227063-8133913,No Replacement Order ID
405-0333814-6625116,No Replacement Order ID
405-8622595-7571563,No Replacement Order ID
404-1611300-0340343,No Replacement Order ID
405-1885374-1991555,No Replacement Order ID
404-1611300-0340343,No Replacement Order ID
405-7793103-5868342,No Replacement Order ID
406-5420086-9558707,No Replacement Order ID
405-7793103-5868342,No Replacement Order ID
402-6984923-3577153,No Replacement Order ID
405-1017637-5845166,No Replacement Order ID
171-4586809-1059502,No Replacement Order ID
405-1017637-5845166,No Replacement Order ID
171-9592530-5587553,No Replacement Order ID
405-5379285-4824312,No Replacement Order ID
405-1798773-0197954,No Replacement Order ID
405-5379285-4824312,No Replacement Order ID
405-1798773-0197954,No Replacement Order ID
402-9208199-0982711,No Replacement Order ID
405-2290434-5973102,No Replacement Order ID
403-7273155-9661124,No Replacement Order ID
405-7947903-9828345,No Replacement Order ID
405-0016246-8068301,No Replacement Order ID
405-9383958-4609918,No Replacement Order ID
405-0016246-8068301,No Replacement Order ID
405-9383958-4609918,No Replacement Order ID
405-2457649-7624333,No Replacement Order ID
405-5134389-1140310,No Replacement Order ID
405-2457649-7624333,No Replacement Order ID
404-1433329-6029948,No Replacement Order ID
404-4921345-9067554,No Replacement Order ID
404-1433329-6029948,No Replacement Order ID
404-4921345-9067554,No Replacement Order ID
406-5240308-1931517,No Replacement Order ID
404-4921345-9067554,No Replacement Order ID
404-4155364-4879529,No Replacement Order ID
404-4921345-9067554,No Replacement Order ID
402-3359934-2847568,No Replacement Order ID
404-4921345-9067554,No Replacement Order ID
405-4210051-0710749,408-0529455-5803517
404-4921345-9067554,No Replacement Order ID
405-0340450-9563555,No Replacement Order ID
408-5571582-5592341,No Replacement Order ID
405-4823927-2866769,No Replacement Order ID
408-5571582-5592341,No Replacement Order ID
408-5766380-0025907,No Replacement Order ID
405-5222427-8745106,No Replacement Order ID
408-5766380-0025907,No Replacement Order ID
405-5222427-8745106,No Replacement Order ID
403-2435949-6594719,No Replacement Order ID
405-7415747-9423512,No Replacement Order ID
404-4379341-2962729,No Replacement Order ID
405-6827483-8969967,No Replacement Order ID
404-7290456-5596301,No Replacement Order ID
405-6827483-8969967,No Replacement Order ID
405-8099896-6704308,No Replacement Order ID
405-6827483-8969967,No Replacement Order ID
405-8099896-6704308,No Replacement Order ID
405-6827483-8969967,No Replacement Order ID
405-4102683-6992315,408-6531551-3520302
405-6827483-8969967,No Replacement Order ID
405-4102683-6992315,408-6531551-3520302
405-6827483-8969967,No Replacement Order ID
405-4102683-6992315,408-6531551-3520302
405-6827483-8969967,No Replacement Order ID
405-8984268-4999534,No Replacement Order ID
405-6827483-8969967,No Replacement Order ID
405-8984268-4999534,No Replacement Order ID
405-6827483-8969967,No Replacement Order ID
408-4155811-7227569,No Replacement Order ID
405-6827483-8969967,No Replacement Order ID
408-4133323-8342753,No Replacement Order ID
405-6827483-8969967,No Replacement Order ID
408-4133323-8342753,No Replacement Order ID
405-6827483-8969967,No Replacement Order ID
405-1173214-0998701,No Replacement Order ID
405-6827483-8969967,No Replacement Order ID
405-1901048-1170762,No Replacement Order ID
405-6827483-8969967,No Replacement Order ID
405-1901048-1170762,No Replacement Order ID
405-6827483-8969967,No Replacement Order ID
403-2088011-3369159,No Replacement Order ID
404-7975969-9157151,No Replacement Order ID
403-2088011-3369159,No Replacement Order ID
404-7975969-9157151,No Replacement Order ID
404-0956156-8361951,No Replacement Order ID
405-1075052-5489912,No Replacement Order ID
404-0956156-8361951,No Replacement Order ID
405-1878448-4185913,No Replacement Order ID
404-0956156-8361951,No Replacement Order ID
405-3921777-3876301,No Replacement Order ID
404-0956156-8361951,No Replacement Order ID
405-3921777-3876301,No Replacement Order ID
404-3134389-7460327,No Replacement Order ID
405-3921777-3876301,No Replacement Order ID
404-3134389-7460327,No Replacement Order ID
403-9545551-8545165,No Replacement Order ID
404-0956156-8361951,No Replacement Order ID
403-9545551-8545165,No Replacement Order ID
404-0956156-8361951,No Replacement Order ID
403-7039486-3364337,No Replacement Order ID
404-0956156-8361951,No Replacement Order ID
403-7039486-3364337,No Replacement Order ID
404-0956156-8361951,No Replacement Order ID
407-6620777-9220322,No Replacement Order ID
408-0308646-1966752,No Replacement Order ID
407-6620777-9220322,No Replacement Order ID
408-0308646-1966752,No Replacement Order ID
408-5571582-5592341,No Replacement Order ID
405-6640775-2949963,No Replacement Order ID
408-5571582-5592341,No Replacement Order ID
405-0126590-9883573,No Replacement Order ID
406-6309593-9525158,No Replacement Order ID
405-0126590-9883573,No Replacement Order ID
408-1964293-7544320,No Replacement Order ID
405-3038781-8417160,No Replacement Order ID
402-4801609-5082735,No Replacement Order ID
404-3930112-4644342,No Replacement Order ID
406-8748940-8829968,No Replacement Order ID
405-9842653-2569968,No Replacement Order ID
405-2985958-9799561,No Replacement Order ID
405-3936317-0650717,No Replacement Order ID
405-2324186-3837915,No Replacement Order ID
405-3936317-0650717,No Replacement Order ID
405-2324186-3837915,No Replacement Order ID
405-6491067-1716318,408-7129906-7569936
405-6637059-7103543,No Replacement Order ID
405-1783686-9769912,No Replacement Order ID
405-6637059-7103543,No Replacement Order ID
405-6660925-4797156,No Replacement Order ID
405-3850483-6573900,No Replacement Order ID
406-2133474-0496353,No Replacement Order ID
402-5240041-3359529,No Replacement Order ID
406-2133474-0496353,No Replacement Order ID
402-4801609-5082735,408-3445979-9254714
403-7273155-9661124,No Replacement Order ID
408-4133323-8342753,No Replacement Order ID
403-7273155-9661124,No Replacement Order ID
408-2938043-3696369,No Replacement Order ID
403-7273155-9661124,No Replacement Order ID
403-9655646-9182714,No Replacement Order ID
406-8952292-4803510,408-3663898-8817138
403-9655646-9182714,No Replacement Order ID
405-6228340-4589145,No Replacement Order ID
405-3092324-2009169,No Replacement Order ID
405-2290434-5973102,No Replacement Order ID
405-5915897-1635549,No Replacement Order ID
405-2290434-5973102,No Replacement Order ID
405-5915897-1635549,No Replacement Order ID
408-1867732-8033938,No Replacement Order ID
408-2151329-4425946,No Replacement Order ID
406-2354669-3803547,No Replacement Order ID
405-7922967-2157945,No Replacement Order ID
406-2354669-3803547,No Replacement Order ID
404-6510402-9271534,No Replacement Order ID
406-2354669-3803547,No Replacement Order ID
404-6510402-9271534,No Replacement Order ID
405-1015849-4199506,No Replacement Order ID
404-6510402-9271534,No Replacement Order ID
D01-6487902-1400600,No Replacement Order ID
405-4376853-9909914,No Replacement Order ID
403-3634113-4037156,No Replacement Order ID
405-4376853-9909914,No Replacement Order ID
403-3634113-4037156,No Replacement Order ID
404-6510402-9271534,No Replacement Order ID
403-6327911-7476340,No Replacement Order ID
405-7723491-2677157,No Replacement Order ID
404-4472742-0998758,408-2838543-2384325
405-6590860-1337949,No Replacement Order ID
171-9921066-8185137,408-5853846-5497939
171-5761561-5422743,408-7216518-1252315
404-7236907-9133929,408-5405818-8804346
406-2918964-4456343,No Replacement Order ID
171-4992175-4263564,No Replacement Order ID
405-8622595-7571563,No Replacement Order ID
404-4472742-0998758,408-2838543-2384325
405-7059002-6710769,No Replacement Order ID
171-5761561-5422743,408-7216518-1252315
404-7236907-9133929,408-5405818-8804346
406-2918964-4456343,No Replacement Order ID
406-2565711-2563543,No Replacement Order ID
407-8897950-9531503,No Replacement Order ID
404-8585745-0420340,No Replacement Order ID
405-5822243-7357923,No Replacement Order ID
407-6323592-3892358,No Replacement Order ID
406-4078395-3281939,408-5976118-7173959
408-3775261-2517921,No Replacement Order ID
405-8020300-7831527,No Replacement Order ID
405-2026107-8061931,No Replacement Order ID
408-5377906-8988314,No Replacement Order ID
405-7808547-3591533,No Replacement Order ID
405-9410490-3961120,No Replacement Order ID
405-2026107-8061931,No Replacement Order ID
405-0359098-7441108,No Replacement Order ID
405-7808547-3591533,No Replacement Order ID
405-9410490-3961120,No Replacement Order ID
405-7845123-1035528,No Replacement Order ID
405-9484242-8789142,No Replacement Order ID
404-0055117-8331501,No Replacement Order ID
405-8020300-7831527,No Replacement Order ID
405-3038781-8417160,No Replacement Order ID
405-9484242-8789142,No Replacement Order ID
404-0055117-8331501,No Replacement Order ID
405-8020300-7831527,No Replacement Order ID
405-3038781-8417160,No Replacement Order ID
402-5240041-3359529,408-8587578-4549943
405-8765348-7481927,No Replacement Order ID
405-8020300-7831527,No Replacement Order ID
405-3038781-8417160,No Replacement Order ID
402-1308473-5485920,No Replacement Order ID
405-8765348-7481927,No Replacement Order ID
405-8020300-7831527,No Replacement Order ID
405-3038781-8417160,No Replacement Order ID
402-5240041-3359529,No Replacement Order ID
405-2026107-8061931,No Replacement Order ID
405-8038446-0127529,No Replacement Order ID
405-2026107-8061931,No Replacement Order ID
407-0516450-7227543,No Replacement Order ID
405-2026107-8061931,No Replacement Order ID
405-8038446-0127529,No Replacement Order ID
405-9999321-6134718,No Replacement Order ID
405-7346298-0024303,No Replacement Order ID
405-1775136-8697151,No Replacement Order ID
402-6795133-8037122,No Replacement Order ID
405-9999321-6134718,No Replacement Order ID
405-1774424-2762720,No Replacement Order ID
405-6607720-0809152,No Replacement Order ID
402-7598672-4255522,No Replacement Order ID
405-2026107-8061931,No Replacement Order ID
405-6792659-3702760,No Replacement Order ID
405-0494796-5261142,No Replacement Order ID
406-8234951-8965149,No Replacement Order ID
407-0740016-5477962,No Replacement Order ID
405-6792659-3702760,No Replacement Order ID
405-0255683-8216350,No Replacement Order ID
406-8234951-8965149,No Replacement Order ID
402-9451479-1879518,No Replacement Order ID
405-0429330-9347536,No Replacement Order ID
405-0255683-8216350,No Replacement Order ID
406-8234951-8965149,No Replacement Order ID
405-2741372-9249902,408-3775261-2517921
404-3795826-4312336,No Replacement Order ID
407-8897950-9531503,408-1188871-0230723
171-7215198-3267504,No Replacement Order ID
405-3979810-8707508,No Replacement Order ID
402-2796979-0223526,No Replacement Order ID
407-4506465-0993967,No Replacement Order ID
171-7215198-3267504,No Replacement Order ID
405-3979810-8707508,No Replacement Order ID
171-9889127-8829956,No Replacement Order ID
405-9410490-3961120,No Replacement Order ID
405-8769308-7513130,No Replacement Order ID
405-3979810-8707508,No Replacement Order ID
405-8020300-7831527,No Replacement Order ID
405-3979810-8707508,No Replacement Order ID
405-8020300-7831527,No Replacement Order ID
405-7200239-4084321,No Replacement Order ID
405-0457400-9551524,No Replacement Order ID
405-7200239-4084321,No Replacement Order ID
405-7922967-2157945,408-5871092-7367533
405-2094833-0219539,No Replacement Order ID
408-1121420-2793100,408-1218163-8006717
406-5406965-8827564,No Replacement Order ID
408-6699936-5195517,No Replacement Order ID
405-7886187-0730745,No Replacement Order ID
405-1162631-1499562,No Replacement Order ID
405-7886187-0730745,No Replacement Order ID
405-9755620-7210706,No Replacement Order ID
405-9410490-3961120,No Replacement Order ID
405-5280760-9692308,No Replacement Order ID
405-9410490-3961120,No Replacement Order ID
405-5280760-9692308,No Replacement Order ID
404-3054322-2818716,No Replacement Order ID
405-4709805-2197119,No Replacement Order ID
404-6415251-5010711,No Replacement Order ID
405-8622595-7571563,No Replacement Order ID
405-6387302-3902719,No Replacement Order ID
405-4547035-6203536,No Replacement Order ID
405-2877973-8185145,No Replacement Order ID
406-4172823-4861953,408-6506779-2141143
405-2877973-8185145,No Replacement Order ID
406-4172823-4861953,408-6506779-2141143
405-1743578-6977135,No Replacement Order ID
406-4172823-4861953,No Replacement Order ID
404-1943520-6035519,No Replacement Order ID
406-4172823-4861953,No Replacement Order ID
404-1943520-6035519,No Replacement Order ID
404-4335703-0888336,No Replacement Order ID
405-0637956-1421938,No Replacement Order ID
404-4335703-0888336,No Replacement Order ID
405-0637956-1421938,No Replacement Order ID
405-6416538-0086755,No Replacement Order ID
405-7108329-6427550,No Replacement Order ID
405-6416538-0086755,No Replacement Order ID
405-4842825-4048335,No Replacement Order ID
405-6416538-0086755,No Replacement Order ID
402-2526237-9600356,408-1753664-7077942
405-0359098-7441108,No Replacement Order ID
405-0180537-3768376,No Replacement Order ID
405-4376853-9909914,No Replacement Order ID
402-7598672-4255522,No Replacement Order ID
405-4376853-9909914,No Replacement Order ID
402-3848941-7903560,No Replacement Order ID
406-8952292-4803510,No Replacement Order ID
402-3848941-7903560,No Replacement Order ID
406-8952292-4803510,No Replacement Order ID
408-6699936-5195517,No Replacement Order ID
405-8376612-4484369,No Replacement Order ID
408-6699936-5195517,No Replacement Order ID
405-8376612-4484369,No Replacement Order ID
408-6699936-5195517,No Replacement Order ID
405-8376612-4484369,No Replacement Order ID
408-6699936-5195517,No Replacement Order ID
405-8376612-4484369,No Replacement Order ID
407-6544412-2101155,No Replacement Order ID
405-8376612-4484369,No Replacement Order ID
407-6544412-2101155,No Replacement Order ID
407-0516450-7227543,No Replacement Order ID
406-8952292-4803510,No Replacement Order ID
407-0740016-5477962,No Replacement Order ID
406-8952292-4803510,No Replacement Order ID
407-4506465-0993967,No Replacement Order ID
408-1060238-8722743,No Replacement Order ID
405-9755620-7210706,No Replacement Order ID
408-1060238-8722743,No Replacement Order ID
405-9755620-7210706,No Replacement Order ID
405-9484242-8789142,No Replacement Order ID
405-6910296-7209940,No Replacement Order ID
405-7627411-1223538,408-8672882-1395539
406-8234951-8965149,408-5701917-6309958
405-2632075-5687542,No Replacement Order ID
406-8234951-8965149,No Replacement Order ID
405-8020300-7831527,No Replacement Order ID
405-1901048-1170762,No Replacement Order ID
405-8020300-7831527,No Replacement Order ID
405-1901048-1170762,No Replacement Order ID
405-3181152-8649131,408-3614212-7417948
405-5758299-2762747,No Replacement Order ID
405-3181152-8649131,408-3614212-7417948
404-9197286-9816337,No Replacement Order ID
406-5953762-6208361,No Replacement Order ID
405-0457400-9551524,408-1026548-1821145
406-5953762-6208361,No Replacement Order ID
404-1677273-7049125,No Replacement Order ID
405-0901687-3403555,No Replacement Order ID
404-1677273-7049125,No Replacement Order ID
405-3092324-2009169,No Replacement Order ID
406-8329274-8566759,No Replacement Order ID
405-3092324-2009169,No Replacement Order ID
406-8329274-8566759,No Replacement Order ID
405-3092324-2009169,No Replacement Order ID
405-4392601-3757904,No Replacement Order ID
405-3092324-2009169,No Replacement Order ID
405-4392601-3757904,No Replacement Order ID
405-8038446-0127529,No Replacement Order ID
405-4392601-3757904,No Replacement Order ID
402-3168377-6076319,No Replacement Order ID
405-4392601-3757904,No Replacement Order ID
405-0357282-9654744,No Replacement Order ID
405-4392601-3757904,No Replacement Order ID
405-0357282-9654744,No Replacement Order ID
405-4392601-3757904,No Replacement Order ID
407-3766714-7152314,No Replacement Order ID
403-7273155-9661124,No Replacement Order ID
407-3766714-7152314,No Replacement Order ID
405-3198956-2673921,No Replacement Order ID
407-4863830-6846739,No Replacement Order ID
405-3198956-2673921,No Replacement Order ID
407-4863830-6846739,No Replacement Order ID
405-6827483-8969967,No Replacement Order ID
405-8489266-2110702,No Replacement Order ID
404-9430789-3881146,No Replacement Order ID
405-9867113-4081151,No Replacement Order ID
404-9430789-3881146,No Replacement Order ID
406-7238093-8847567,No Replacement Order ID
405-2741372-9249902,No Replacement Order ID
408-5352157-6726752,408-8087774-4933131
408-1026548-1821145,No Replacement Order ID
408-4457017-9653166,No Replacement Order ID
405-0333814-6625116,No Replacement Order ID
405-7346298-0024303,No Replacement Order ID
405-2084907-0873121,No Replacement Order ID
171-4241153-9335552,No Replacement Order ID
405-2084907-0873121,No Replacement Order ID
405-0894891-4105141,No Replacement Order ID
404-7975969-9157151,No Replacement Order ID
405-0894891-4105141,No Replacement Order ID
404-8173078-3085933,No Replacement Order ID
405-1162631-1499562,No Replacement Order ID
404-8173078-3085933,No Replacement Order ID
405-1162631-1499562,No Replacement Order ID
405-0431690-5017908,No Replacement Order ID
407-8897950-9531503,No Replacement Order ID
405-0431690-5017908,No Replacement Order ID
402-5240041-3359529,No Replacement Order ID
404-4975683-4892316,No Replacement Order ID
408-1329562-6464328,No Replacement Order ID
406-2342586-3553930,408-9233759-2129154
408-1861015-5611504,No Replacement Order ID
406-2342586-3553930,408-9233759-2129154
404-9134228-4161938,No Replacement Order ID
405-4827803-4449953,No Replacement Order ID
406-9747910-8682727,No Replacement Order ID
405-9600495-3731553,No Replacement Order ID
406-9747910-8682727,No Replacement Order ID
405-4827803-4449953,No Replacement Order ID
407-4850818-3158711,No Replacement Order ID
407-8897950-9531503,408-1188871-0230723
405-5758299-2762747,No Replacement Order ID
405-5061547-6364335,No Replacement Order ID
402-5027351-7862757,No Replacement Order ID
405-4759439-5005142,No Replacement Order ID
402-5027351-7862757,No Replacement Order ID
405-4759439-5005142,No Replacement Order ID
407-4850818-3158711,No Replacement Order ID
406-9227151-8657901,408-5538599-9663553
403-7273155-9661124,No Replacement Order ID
403-7273155-9661124,No Replacement Order ID
403-7273155-9661124,No Replacement Order ID
405-4953176-6856361,No Replacement Order ID
403-7273155-9661124,408-7218272-3577937
405-4953176-6856361,No Replacement Order ID
403-7273155-9661124,408-7218272-3577937
408-9743881-8255510,No Replacement Order ID
402-9189076-2740336,408-8053780-4517921
405-0567745-8761926,No Replacement Order ID
405-2066062-9864323,No Replacement Order ID
404-8447966-8680365,No Replacement Order ID
405-3592168-0345905,No Replacement Order ID
402-3848941-7903560,No Replacement Order ID
407-0516450-7227543,No Replacement Order ID
402-3848941-7903560,No Replacement Order ID
407-0516450-7227543,No Replacement Order ID
405-1173214-0998701,No Replacement Order ID
407-9824657-7319523,No Replacement Order ID
405-1173214-0998701,No Replacement Order ID
407-9824657-7319523,No Replacement Order ID
405-1173214-0998701,No Replacement Order ID
405-4538528-0305129,No Replacement Order ID
405-1173214-0998701,No Replacement Order ID
405-4538528-0305129,No Replacement Order ID
405-1173214-0998701,No Replacement Order ID
405-9676612-8091515,No Replacement Order ID
405-6164409-4034760,No Replacement Order ID
405-9676612-8091515,No Replacement Order ID
405-6164409-4034760,No Replacement Order ID
407-7932490-5815501,No Replacement Order ID
402-1602397-2437162,No Replacement Order ID
