"Contract Unit Id","Order Id","Return Receivable Tracking ID","Return Receivable State","Return Receivable Creation Reason","Return Receivable Initiation Date"
"63f0cb1b-6099-4b2e-b62e-4cd05208fcf2#aa464aeb-dcc4-4de2-ab7d-0fea958a998a","407-6544412-2101155","17933581482","Closed","AdvancedRefund","2024-12-28T12:03:45.757Z"
"0547a2a4-1b97-4f88-b412-e3813de28645#4e255f0b-00f0-4c63-b279-1ee0e9a90b8e","402-1667834-4457906","17919066822","Closed","AdvancedRefund","2024-12-27T11:23:06.304Z"
"1d73c2a1-9543-4fe0-9ff7-90165ce76f0c#0cbc111a-6a86-41ec-b000-cd4b8b8acaeb","402-4801609-5082735","17537455872","Waiting","ReplacementOrder","2024-11-26T13:50:23.696Z"
"f3ae0cbf-caf7-43a2-b725-b05717bf6832#27e599c3-e856-4653-b4c3-48d1e5f5c477","404-4335703-0888336","17406403802","Closed","AdvancedRefund","2024-11-13T09:40:19.629Z"
"4ca33dec-b3c5-407b-9bc3-2956f4af52c5#75e4ec8e-c1e1-4631-8a2d-294c67aa280b","407-4126141-1925134","17179083402","Closed","AdvancedRefund","2024-10-21T21:06:17.325Z"
"9e66fac8-0487-4a90-aefa-ce2ead274293#6913162c-e45c-4ce2-9dca-0f4e6d014b2c","402-8122432-5431534","17136649392","Closed","AdvancedRefund","2024-10-18T05:03:24.408Z"
"5691a5e5-9d98-43a4-8e3b-4c0f94917787#e60dcda0-771c-46b9-b9ba-6d747eeb8e63","402-5988560-4041964","17136654152","Closed","AdvancedRefund","2024-10-18T05:03:08.307Z"
"aa35630e-31d4-4b74-b63d-3663067cb276#ab46f9bd-8db9-4666-9776-2f04f23b05ae","402-5027351-7862757","17134408362","Closed","AdvancedRefund","2024-10-17T19:06:15.564Z"
"2eca4068-4610-44f5-a675-c4738c10b066#8f7e3de5-7483-4dac-b68c-40093f4fb050","402-7598672-4255522","17096507092","Closed","AdvancedRefund","2024-10-15T04:22:07.805Z"
"f89b5eb8-9cc2-4ca5-900c-90b0c9625944#a973ee28-25dc-49d5-81bc-33f53444d3ed","407-0516450-7227543","17076141422","Closed","AdvancedRefund","2024-10-13T05:06:19.550Z"
"7a379dd4-e593-4693-9fdc-c5f735fe6022#910f576d-2a2e-4496-b4df-1dfbae0df9fb","402-0952392-1989124","17053197532","Closed","AdvancedRefund","2024-10-11T07:24:22.149Z"
"f10ff7e4-db7a-4da6-b923-66b311269275#b7bb5cdc-75d9-49d7-9769-a1e7ebc15372","407-9824657-7319523","17053151822","Closed","AdvancedRefund","2024-10-11T07:22:37.577Z"
"0fb3cd2b-06ca-4478-8a29-a9ae6a085534#51960cee-37cc-4a51-87af-f443f9393cb5","407-9276764-2214754","17053092302","Closed","AdvancedRefund","2024-10-11T07:15:44.626Z"
"0fb3cd2b-06ca-4478-8a29-a9ae6a085534#37b1511e-369e-4711-9cfd-547e8ddc1e9b","407-9276764-2214754","17053092292","Closed","AdvancedRefund","2024-10-11T07:15:44.474Z"
"ce58b613-1e43-4bb3-acc5-75aaa4b03fe1#86a83b92-a737-4aef-abbf-484051be29ec","407-6280249-7679555","17008193202","Closed","AdvancedRefund","2024-10-07T15:28:31.535Z"
"19fe7f26-c21c-4a43-8157-c837e18e6519#f07d63bc-3637-4386-8414-60dca77482cb","408-1188871-0230723","17001556922","Closed","AdvancedRefund","2024-10-07T09:13:22Z"
"bc75f57b-328e-46ef-8937-e17c761aeb64#6cc5b312-47f7-4299-9048-81a156d79e2a","407-0740016-5477962","16948534722","Closed","AdvancedRefund","2024-10-02T06:12:42.174Z"
"e1e848b7-c6df-46c7-aecb-f2a135adf7aa#9467edbb-7431-484c-b39c-94d9b2279240","407-8897950-9531503","16940213852","Closed","ReplacementOrder","2024-10-01T11:02:50.931Z"
"08398047-7a34-4829-9cc0-9afcfaf932fe#63f82806-3834-467f-a428-4f58fe32e4e2","171-5761561-5422743","16070371122","Closed","ReplacementOrder","2024-06-29T06:33:27.870Z"
"3dcd6f47-5b47-4128-9748-2e7613d73db7#70b76d94-5312-42f0-8227-3b2e1057c260","171-7215198-3267504","16050373332","Closed","AdvancedRefund","2024-06-26T22:06:18.489Z"
"eadc28c4-6a55-499d-929a-200d495c7236#174bd852-6dde-492c-bcf9-ad892c5d954a","405-7922967-2157945","16013412652","Expired","ReplacementOrder","2024-06-22T12:19:15.377Z"
"82753d52-2a36-4469-9006-3d49ca920240#119a268d-c0ca-423e-941c-e4e522222d7a","405-8489266-2110702","15774254342","Expired","AdvancedRefund","2024-05-25T10:01:38.783Z"
"9ed9585d-00c6-4295-b823-a49bdba52aea#ab251686-0a0e-47bb-8371-c4ca385d62f0","407-4850818-3158711","15722171092","Expired","AdvancedRefund","2024-05-19T05:39:37.633Z"
"9fea03e5-7876-4321-8b81-09ae1ad4dfbc#f95a6f72-dd4f-4fbe-a811-4c203917d929","407-4850818-3158711","15722157022","Expired","AdvancedRefund","2024-05-19T05:36:28.407Z"
"b2d8617a-b3e5-4156-ad92-a47c26ceea32#51da8524-e1b5-4c37-933b-a967d2c949b3","405-6164409-4034760","15662149062","Closed","AdvancedRefund","2024-05-13T02:44:47.266Z"
"f9565e1a-1ef0-45b9-91a9-e74ffeab3b17#3712c177-38d6-4fa9-aef1-2fb8fa85ebd1","407-6620777-9220322","15641157402","Closed","AdvancedRefund","2024-05-10T07:51:03.782Z"
"01fdb760-1372-452f-bc4a-c30795641081#1396c063-ed15-4fa7-b7ef-41f507deedc1","407-6620777-9220322","15633630032","Closed","AdvancedRefund","2024-05-09T06:02:41.112Z"
"020bb254-224c-4017-a826-eab2177ca59b#08e34987-a69e-472f-a9d5-ddb87cd15e3a","405-6640775-2949963","15462684382","Expired","AdvancedRefund","2024-04-18T09:39:22.787Z"
"cde91960-f129-4d14-adf8-f933feddee4c#cb73d967-a2a2-45f7-95a0-0c91fad94b6c","405-0016246-8068301","15420770612","Closed","AdvancedRefund","2024-04-13T06:50:50.841Z"
"4d7f7ef1-70bc-4d67-91f8-d0c11c49dec3#8e942454-98ab-477e-8ba5-822d55d3aafc","402-5240041-3359529","15368926232","Closed","AdvancedRefund","2024-04-07T06:52:03.533Z"
"7f5f3351-2d1b-4b22-bc55-56db18159d66#860b7d59-742a-4ed3-b179-201b9a33df0b","402-5240041-3359529","15322241242","Expired","AdvancedRefund","2024-04-02T05:53:07.961Z"
"3fb80708-2bc0-4ed1-9819-1079bf053007#7f8f4133-8a57-40bf-9977-79a1bd653269","402-5240041-3359529","15321842902","Cancelled","ReplacementOrder","2024-04-02T04:02:00.554Z"
"1414bd41-5d31-4cd5-8051-248882da8afb#62b436fd-f277-4361-a701-c20645cd80b7","402-2526237-9600356","15161886682","Expired","ReplacementOrder","2024-03-12T05:26:51.713Z"
"0e1db3e7-c713-46a6-ab04-6d7888895ed1#17d76a90-f155-4591-b2a2-ebd2822c0a07","402-9189076-2740336","15118116472","Expired","ReplacementOrder","2024-03-06T11:10:26.992Z"
"398c83c9-44d1-430d-91f4-38d8d412ab2b#40e61c98-dd14-45fd-9904-26ff52c7546d","407-4863830-6846739","14800046952","Closed","AdvancedRefund","2024-01-27T18:25:22.886Z"
"d6c80714-3a26-419f-a4b8-0e70fdc499ef#f331dabb-2088-4d90-a4e8-c26a63994a64","407-3766714-7152314","14795987782","Closed","AdvancedRefund","2024-01-27T13:12:46.698Z"
"2dcbe249-020d-40c1-ab42-db1ed712c461#5cfccbbc-a262-41b0-bdec-88f9e34df105","405-4538528-0305129","13913472092","Closed","AdvancedRefund","2023-10-26T20:51:51.281Z"
"2c08025e-102f-424a-a87a-8166301f1f8d#a4c8a62d-18cc-4875-9132-2db63fb83600","405-6228340-4589145","13854977272","Expired","AdvancedRefund","2023-10-21T05:56:29.419Z"
"66c2b3fb-2cc5-4c1e-9212-10eb7ecb7b7a#29ad05d8-0235-47d0-8ffb-9f2715bd185c","405-9193673-5876319","13533965022","Closed","AdvancedRefund","2023-09-14T06:01:58.139Z"
"50a06248-a1e2-4a6a-905a-c39357d50308#ca466373-f224-4eda-bf6e-de6d59f12537","405-2457649-7624333","13222275742","Closed","AdvancedRefund","2023-08-05T11:22:27.323Z"
"acf366db-329a-404b-bd33-14718456d97b#ae0e18e2-c4f6-4b33-aa2e-17a2b7b93d26","405-9484242-8789142","13133492322","Closed","AdvancedRefund","2023-07-26T07:46:02.175Z"
"ac27c558-8b0e-429d-aaaf-ef9af348c2a0#289dcc3a-294e-4837-ad91-9a7fa66a0277","408-1232873-5245947","12774589562","Closed","AdvancedRefund","2023-06-12T04:12:12.285Z"
"9ff0f555-432b-419a-b828-9dc7d65320f5#f28f583c-3647-4b7d-9618-d7fe42758347","405-6416538-0086755","12756031532","Expired","AdvancedRefund","2023-06-09T05:42:57.337Z"
"f980253f-5a31-4b51-987d-8b9de82ef006#0f53321f-ecde-4794-8f9c-f2d40d62b696","405-6416538-0086755","12756021592","Closed","AdvancedRefund","2023-06-09T05:40:40.830Z"
"cdb459a8-7d41-4ddb-91f0-35e2a4fc8ce9#637eb7a2-eb89-4d15-8821-e702b3b2b117","405-3092324-2009169","12720308492","Closed","AdvancedRefund","2023-06-05T04:30:30.718Z"
"b4b4b1e8-b69e-4e2b-89ff-d3b6207e7290#cad9fc76-c7f4-40a6-b2a1-9cd8e007a823","405-3092324-2009169","12720308132","Closed","AdvancedRefund","2023-06-05T04:29:34.567Z"
"52fe03d2-70ed-4c57-a0cc-cc8355ececd7#f3e49843-3e27-4208-bff8-12e90957cb7c","405-3092324-2009169","12718433672","Closed","ExchangeOrder","2023-06-04T12:06:07.836Z"
"9be3e798-b96f-4001-a650-751ebb162e2b#19143259-3325-4d24-a827-d30749c42f21","405-6491067-1716318","12711715602","Expired","ReplacementOrder","2023-06-03T05:49:07.280Z"
"c5c95eda-37f5-400f-a7a6-0d7062151b04#ec84d56a-6869-401c-b528-1743d5774d69","405-6637059-7103543","12302370112","Closed","AdvancedRefund","2023-04-09T04:01:35.295Z"
"c20e9414-ee20-4831-865a-84aa38db3a85#659b4d0a-7547-45f7-8d96-fbdba3741091","405-7200239-4084321","12241955342","Closed","AdvancedRefund","2023-03-31T12:28:00.527Z"
"3db669b4-2214-4b1b-aca7-e0dceb6bfee6#041e45cd-3a36-4ba9-98c3-90f80a6e8f92","406-5953762-6208361","11888905122","Closed","AdvancedRefund","2023-02-09T23:19:20.651Z"
"1274f952-2b5c-4ebc-abef-32f962bcfd15#9f33432d-10a1-4f85-99ec-09c8f6fde9b6","405-3181152-8649131","11822538172","Closed","ReplacementOrder","2023-02-01T03:25:37.552Z"
"01bb0771-de05-4e9e-b06a-886218ace270#74983350-9a45-4902-898a-667f6c8e8d00","405-8147398-7642733","11765854282","Expired","AdvancedRefund","2023-01-25T10:00:52.450Z"
"f8d37ed8-e1f9-42ea-8f96-5f62ce3c0760#1fe9146e-cec9-4d95-8135-152507124e21","406-2342586-3553930","11740653312","Closed","ReplacementOrder","2023-01-22T06:19:04.035Z"
"c5edc74d-5f91-499d-b0ef-03db133545e7#2c7c5af7-0da2-4eb7-afc2-f47495d2b7eb","405-0567745-8761926","11622746472","Expired","AdvancedRefund","2023-01-08T07:21:55.144Z"
"843f5d4b-c207-44cc-9267-15d4ff16591c#a2a38c7a-b26b-4b47-b2ab-f3d3c6c3131d","405-0567745-8761926","11598937852","Expired","AdvancedRefund","2023-01-05T08:24:03.048Z"
"0cc5afe4-eca4-4b6b-af86-a59f09da1fa2#f32c3065-c236-4ff5-a143-9df2e6faf41a","403-7273155-9661124","11250752002","Closed","AdvancedRefund","2022-11-23T06:28:56.949Z"
"697e6bc0-b347-4b92-b72f-f3ec2a59eb22#020bf5b5-21b4-4104-8fa8-1b1b30679410","403-7273155-9661124","11250732172","Expired","AdvancedRefund","2022-11-23T06:23:14.823Z"
"0914f7cf-4278-4350-b654-fe4658f5c25e#5fa0da3a-a628-4ac3-88ec-a34f21df1960","405-6660925-4797156","11201574572","Expired","AdvancedRefund","2022-11-16T09:07:56.418Z"
"954549f3-208a-4d82-9156-7d4d26281f73#5b8db2e4-5012-4032-b735-cdbbaa2e6ac4","405-6660925-4797156","11192491852","Closed","AdvancedRefund","2022-11-15T06:21:08.351Z"
"40945724-47e7-4f4b-88f1-1feaa8cadfb7#2ec2cbc2-ba85-4815-b52d-c5a8909edef5","408-7218272-3577937","11134888342","Expired","AdvancedRefund","2022-11-07T07:25:16.189Z"
"019144b5-8c91-44e4-8d5b-d558fb97a951#fff6a500-47a1-4081-9952-93329065e300","408-7218272-3577937","11134882112","Expired","AdvancedRefund","2022-11-07T07:23:42.347Z"
"67c3bcd1-2cab-4b04-a258-f5c77191b02c#d262d26c-9b0f-4df7-8e1c-e119d7c649d2","403-7273155-9661124","11038198072","Expired","ReplacementOrder","2022-10-24T05:26:48.620Z"
"67c3bcd1-2cab-4b04-a258-f5c77191b02c#019adcb9-ad2d-4078-92b7-4c4c5c6d4ee3","403-7273155-9661124","11038198062","Expired","ReplacementOrder","2022-10-24T05:26:48.484Z"
"a9a0e65b-71d9-4787-8265-bb0cbf1802db#a93b58b0-f9f6-45f9-ae19-6e9e82bf678d","403-9655646-9182714","10919215442","Closed","AdvancedRefund","2022-10-10T04:42:32.739Z"
"a9c3d3c9-bf73-4d3e-b1b6-7367c4ecd9a9#a2395aa3-760c-46c7-879f-312078c5a015","405-2219380-8617945","10891956102","Closed","AdvancedRefund","2022-10-06T12:23:09.565Z"
"9edec21b-e04f-4308-92cf-77b8886dd9cd#7a6d1a8b-7a09-49bf-af89-4dfb22439d59","405-5379285-4824312","10680612562","Closed","AdvancedRefund","2022-09-07T21:51:28.329Z"
"034ef2b7-dd59-456c-be5b-a2325cf10424#c311b814-2bfd-45cc-866c-a5095277e6da","405-1017637-5845166","10674506722","Closed","AdvancedRefund","2022-09-07T06:41:10.107Z"
"5fbb248c-8881-466e-a40a-8ff099d0f838#90cf032d-9236-4c1f-8d68-4a9d0129e8d0","405-4392601-3757904","10643849122","Expired","AdvancedRefund","2022-09-02T06:30:19.313Z"
"5fbb248c-8881-466e-a40a-8ff099d0f838#821e487a-6102-4259-9703-fb06df3f8dca","405-4392601-3757904","10643849112","Expired","AdvancedRefund","2022-09-02T06:30:19.168Z"
"5fbb248c-8881-466e-a40a-8ff099d0f838#6a044dcf-4b6c-4370-869f-637db33f025e","405-4392601-3757904","10643849102","Expired","AdvancedRefund","2022-09-02T06:30:19.022Z"
"5fbb248c-8881-466e-a40a-8ff099d0f838#67196cd2-30c4-4953-8e1c-d3c682f06369","405-4392601-3757904","10643849092","Expired","AdvancedRefund","2022-09-02T06:30:18.864Z"
"5fbb248c-8881-466e-a40a-8ff099d0f838#50b90b70-98a4-4a2b-b425-3498e232f333","405-4392601-3757904","10643849082","Expired","AdvancedRefund","2022-09-02T06:30:18.719Z"
"5fbb248c-8881-466e-a40a-8ff099d0f838#229b174e-2699-4e81-917a-ce0c10a03fb5","405-4392601-3757904","10643849072","Expired","AdvancedRefund","2022-09-02T06:30:18.577Z"
"8d4dbd87-1e66-43f2-82e3-25bea6bb12f2#5a29f526-b6df-4dc0-bed4-ae0d9239006b","405-7636389-0733914","10562865132","Closed","AdvancedRefund","2022-08-20T13:04:22.814Z"
"aa7e0f92-cb7f-439f-b71b-5f84b8c8e436#cbd87cad-f040-49b1-b5cc-ba343b439d4a","405-6824860-1033137","10550685472","Closed","AdvancedRefund","2022-08-18T20:46:17.845Z"
"d6eb9d57-6e1b-4eda-a14d-ea4820ef2604#de7e4319-03eb-4fce-9273-14525a99c910","405-3756818-4978764","10545391972","Closed","AdvancedRefund","2022-08-18T08:27:02.783Z"
"0294f445-2dfd-4c67-aa9a-a1073bb55497#1d23b6ef-2f36-4123-a58f-ace1119923f3","405-9383958-4609918","10544058732","Closed","AdvancedRefund","2022-08-18T03:34:23.345Z"
"02f59422-c53c-48aa-9085-e3cfb28f3752#d6a3b4b9-0bf4-4fad-b9ef-d3c7b7b37c96","405-0149961-6016368","10537934742","Closed","AdvancedRefund","2022-08-17T08:47:28.807Z"
"e9abdafd-9a7a-4934-8417-35ed08ba67cd#e37e3bde-ab3b-46ae-aa35-d9d90f58fbc8","405-0255683-8216350","10519120032","Expired","AdvancedRefund","2022-08-14T06:32:34.011Z"
"37f3abe4-8269-4371-be9a-f9d5d8353eed#b076dcf2-e5d7-4c96-96d7-2e16ee39d984","405-0255683-8216350","10519109832","Expired","AdvancedRefund","2022-08-14T06:32:03.117Z"
"f16becc6-fca0-48f7-8192-2ffb33f4a283#ae264cbd-dba4-447a-a53b-28ce5dbbbad7","405-0255683-8216350","10513556662","Expired","AdvancedRefund","2022-08-13T06:36:08.386Z"
"65854322-5298-419a-90e6-7b7d8a5efcca#44956b23-cea0-4275-9c16-7ff5a85ecf87","405-9383958-4609918","10507850292","Closed","AdvancedRefund","2022-08-12T10:40:08.734Z"
"cf482de8-46fe-439f-a3b3-b062675ce804#074262cd-75d4-4079-9b75-683c89329998","405-7947903-9828345","10507824832","Expired","AdvancedRefund","2022-08-12T10:36:05.470Z"
"e4e84d85-9224-498e-b569-9c95f83793b4#980c50ad-bae3-49f4-9f43-c1cb4b89eebb","405-5134389-1140310","10507822412","Expired","AdvancedRefund","2022-08-12T10:35:11.134Z"
"2a596844-a549-4aa5-9dde-124bc111a8b0#538b3d3d-a933-4bf6-a04f-c80ad5e45d24","405-5758299-2762747","10482882942","Closed","AdvancedRefund","2022-08-09T05:48:38.999Z"
"f959f7d3-b0fd-4bb3-9086-3aa9e4f1545e#ad43f6bb-2c40-4692-9c36-ee7ba0227636","405-9842653-2569968","10470857162","Expired","AdvancedRefund","2022-08-07T03:27:34.160Z"
"133ab708-0836-43cb-be10-25edfa8f38d1#362c0579-87ec-4822-83fb-45ae38c56dd8","405-6009195-0429146","10288336012","Closed","AdvancedRefund","2022-07-12T07:36:57.127Z"
"4d710d05-83b5-4287-b852-a85ac54b3ae1#f7666635-04e8-4880-8b75-6d72d5073242","403-7039486-3364337","10236174082","Closed","AdvancedRefund","2022-07-04T09:17:50.642Z"
"f49c15b2-bc68-4c2e-a54d-461065e9e539#cf1f999d-f15a-4435-a410-a6d9cf4d1254","403-8759623-4849960","10236126622","Closed","AdvancedRefund","2022-07-04T09:13:15.345Z"
"dc442395-a1dc-42be-a08e-f10ba7ab7ee1#27e2e38c-0720-4dbb-847b-43ee6ad8b6e3","403-7039486-3364337","10226174612","Closed","AdvancedRefund","2022-07-01T22:38:37.766Z"
"25810408-6a64-4a7d-9313-b451fbe4b9b4#836859ca-6b89-495a-b0f3-da4a4cc19758","403-9545551-8545165","10220365332","Closed","AdvancedRefund","2022-07-01T07:31:10.411Z"
"49147a73-89b4-4e77-9dd6-f298db597e84#1b3bfc2c-d113-4ec3-9134-7ec407b8797f","405-2123349-2864354","10117974302","Expired","AdvancedRefund","2022-06-15T07:46:12.168Z"
"ae0b5bb0-0077-4a3d-8a9a-bb1ef3648722#7edd11f1-a8c0-4f71-bb53-4e761af1251b","405-6827483-8969967","10045852792","Expired","AdvancedRefund","2022-06-03T08:10:24.705Z"
"ae0b5bb0-0077-4a3d-8a9a-bb1ef3648722#464554a2-dba7-44e0-8e5e-d8f21772f0d2","405-6827483-8969967","10045852782","Closed","AdvancedRefund","2022-06-03T08:10:24.557Z"
"ae0b5bb0-0077-4a3d-8a9a-bb1ef3648722#274b3523-032b-4552-b2b1-59106e6abb4b","405-6827483-8969967","10045852772","Closed","AdvancedRefund","2022-06-03T08:10:24.405Z"
"ae0b5bb0-0077-4a3d-8a9a-bb1ef3648722#e475f174-2bc9-4dd3-9d37-2ab3cc0c4aa1","405-6827483-8969967","10045852762","Closed","AdvancedRefund","2022-06-03T08:10:24.242Z"
"ae0b5bb0-0077-4a3d-8a9a-bb1ef3648722#2c20d9ae-a966-4c85-be22-6f312709b2f7","405-6827483-8969967","10045852752","Closed","AdvancedRefund","2022-06-03T08:10:24.083Z"
"ae0b5bb0-0077-4a3d-8a9a-bb1ef3648722#eca815a7-bd52-459d-bdcc-a8ee605e615c","405-6827483-8969967","10045852742","Closed","AdvancedRefund","2022-06-03T08:10:23.932Z"
"a824bdd1-9118-4c56-8a4d-7b30654d570d#f78ea118-b1e6-4ed5-8d95-7cfea1e5fc0a","405-6827483-8969967","10045839502","Expired","AdvancedRefund","2022-06-03T08:07:14.501Z"
"a824bdd1-9118-4c56-8a4d-7b30654d570d#a12ca4b2-41b8-4f27-898f-0e49c3ea5721","405-6827483-8969967","10045839492","Expired","AdvancedRefund","2022-06-03T08:07:14.341Z"
"17afabd1-51d5-4bc0-b794-3ee55da88b60#9dd81154-4b88-4bc9-bf6f-8dbc51d27330","405-6827483-8969967","10045839392","Expired","AdvancedRefund","2022-06-03T08:07:05.503Z"
"17afabd1-51d5-4bc0-b794-3ee55da88b60#81041b57-475d-4831-ade4-9a426f7e4cfa","405-6827483-8969967","10045839382","Expired","AdvancedRefund","2022-06-03T08:07:05.343Z"
"d36709b2-a825-4d51-b2f0-564e86cd49f0#f02aadd8-f453-472e-b972-9a891601a2ef","405-2741372-9249902","9992041382","Expired","ReplacementOrder","2022-05-25T09:52:22.203Z"
"97a710b3-ab00-4def-92cf-9d3143eba4aa#7fa5bd3f-5090-4cb3-a444-da6c1ad98d21","405-8038446-0127529","9927472192","Expired","AdvancedRefund","2022-05-15T03:52:50.422Z"
"6bd82e93-70fb-468c-908e-486f969f045e#d2f002b9-1c4f-45a3-a9f4-e1a2a0fb846c","405-8038446-0127529","9909226412","Closed","AdvancedRefund","2022-05-12T08:34:43.128Z"
"afe3ef50-3bfa-412a-9d79-719a237b69a8#28362e99-6021-44d4-a721-939e1b037019","405-8038446-0127529","9896207792","Expired","AdvancedRefund","2022-05-10T12:57:48.199Z"
"a3731a32-e71f-4f88-acaa-c48cbf778bd6#8248ece8-6b17-4331-855c-663a7b6902db","405-8038446-0127529","9896109752","Expired","AdvancedRefund","2022-05-10T12:45:52.946Z"
"a3731a32-e71f-4f88-acaa-c48cbf778bd6#5f95aa2c-e7b0-41d6-ba9b-7ecd522bb45d","405-8038446-0127529","9896109742","Expired","AdvancedRefund","2022-05-10T12:45:52.798Z"
"c8485988-7a9d-432c-bfbb-5e5d646f8a9b#39cfa71e-e9c8-4d85-953e-af5894500a6e","405-4759439-5005142","9879678372","Closed","AdvancedRefund","2022-05-07T11:13:01.333Z"
"addb3703-bffe-49c3-a8fa-4808754a4463#bf241263-6af4-4227-bd7a-abcc03aaf733","405-5061547-6364335","9841301232","Expired","AdvancedRefund","2022-05-01T06:36:13.175Z"
"fa8f97b3-d9c3-4da5-bac4-2701f81d27d3#238d0edb-8238-4a1a-b932-bdcf3fb09699","406-4172823-4861953","9759426122","Closed","ReplacementOrder","2022-04-17T11:13:52.119Z"
"390b3fb3-dc07-41a8-a2d7-f26f50e6749d#1fb2d6d0-dd4e-4a39-9d57-95d5a0f3fcc6","406-4172823-4861953","9758563642","Closed","AdvancedRefund","2022-04-17T06:42:40.518Z"
"bde7bfad-59c8-4148-bfcb-c57f4f4ed9ce#d956a4c8-a9bb-4150-a947-e91b72c6deca","405-3563076-5789919","9750916062","Closed","AdvancedRefund","2022-04-15T12:08:13.894Z"
"d1e04f91-eac9-4b27-b50d-aee5f324ecc0#aaf1ec88-d700-407f-a533-da260c385965","405-4210051-0710749","9745651102","Expired","ExchangeOrder","2022-04-14T14:03:41.936Z"
"b36317a9-9047-400f-a9ed-545b7725c544#9ba9a010-82c8-4422-8deb-f16c00e86c51","405-7886187-0730745","9716927142","Closed","AdvancedRefund","2022-04-10T07:12:46.261Z"
"107d8441-2193-4ed6-929d-9f2921cb6798#57869c55-ce5c-464b-b8bf-6e2689a0d66f","406-2565711-2563543","9697419282","Expired","AdvancedRefund","2022-04-07T05:34:00.979Z"
"bcbd6391-0cae-49e9-86e5-0b645367e718#30cfa03a-94b8-4dab-9413-51bd41a795eb","405-8622595-7571563","9697407892","Expired","AdvancedRefund","2022-04-07T05:32:15.560Z"
"4589d497-f092-4978-b51f-ec027b059f06#8b8e8605-2438-4423-9350-5a7d081f260d","405-7723491-2677157","9697388562","Expired","AdvancedRefund","2022-04-07T05:28:25.977Z"
"0319fbcd-f0f4-4f02-bbed-a410b9ddaf38#da37f5cb-c373-4223-841e-d9cb30ff1467","405-5915897-1635549","9620858532","Closed","AdvancedRefund","2022-03-25T09:31:03.464Z"
"3f0f4726-7866-4728-bd76-02e3cdb1446c#836f9366-2bbe-4a27-bd80-0604d3c7fdd1","405-2026107-8061931","9613601962","Closed","AdvancedRefund","2022-03-24T06:05:25.782Z"
"b182c58e-09cb-4863-b9bc-62406d8c600f#e17ec411-21e5-4634-85f6-8cc46aec0799","406-2133474-0496353","9592868692","Closed","AdvancedRefund","2022-03-21T09:06:42.198Z"
"15e2495a-0e0c-4b7e-bd19-98209da5764d#de03188e-4210-4cc5-af57-c700b82c8938","405-9999321-6134718","9590363622","Closed","AdvancedRefund","2022-03-20T13:01:03.500Z"
"860b9eb9-434b-493c-82e3-3519cae9ad82#3850759c-3a89-4930-8ff1-149cb1213813","405-2026107-8061931","9590361922","Closed","AdvancedRefund","2022-03-20T13:01:00.650Z"
"18fe1c00-09f3-4f0c-8651-23d028f8775b#08e59b17-9335-4923-9f8c-97c1106bf25e","405-3038781-8417160","9590361412","Expired","AdvancedRefund","2022-03-20T12:59:33.729Z"
"c34fcc6f-7e51-47b2-a85c-052a0b8a18a6#b3965b01-f695-40c3-9eba-969465c43fbe","405-3038781-8417160","9590355822","Expired","AdvancedRefund","2022-03-20T12:57:53.164Z"
"c34fcc6f-7e51-47b2-a85c-052a0b8a18a6#ca78e468-77e4-4fa9-9e61-ceb8f6fa3b0e","405-3038781-8417160","9590355812","Expired","AdvancedRefund","2022-03-20T12:57:53.028Z"
"c34fcc6f-7e51-47b2-a85c-052a0b8a18a6#fa09dd89-d38f-4e6f-babb-caa726927438","405-3038781-8417160","9590355802","Expired","AdvancedRefund","2022-03-20T12:57:52.876Z"
"3becdc8c-3fae-438f-957c-99336d8a454e#f9cca401-517d-4a25-87dd-22d9492e73a0","405-2026107-8061931","9590352822","Expired","AdvancedRefund","2022-03-20T12:57:43.668Z"
"395a6f30-7f54-47e9-aa19-a3d7c3aebebb#8ba1907d-2a0f-442e-976b-dce93938fec3","405-2026107-8061931","9590351722","Expired","AdvancedRefund","2022-03-20T12:55:20.876Z"
"09816cec-5380-4170-910d-42cb0f31ca5c#9a5a4796-f8f8-43da-a233-1639adf6a9d9","405-3038781-8417160","9565696272","Expired","AdvancedRefund","2022-03-16T05:23:50.212Z"
"e67ee27e-dcfe-4d3e-8d73-4003f3ed3dc2#3c824209-c459-4669-ba0b-9feee188a665","405-0126590-9883573","9565687672","Closed","AdvancedRefund","2022-03-16T05:22:23.905Z"
"280807a7-5b55-4f50-8b76-30357ae3ce13#ce0bdc47-4f3e-444f-b259-0064e6cf6e15","405-1885374-1991555","9548415492","Expired","AdvancedRefund","2022-03-13T06:52:51.253Z"
"316179df-5058-4250-9826-d215c102199f#b581c07f-e4ad-4eaf-afc3-492efab04ac6","405-8622595-7571563","9548411322","Expired","AdvancedRefund","2022-03-13T06:51:00.833Z"
"11c5cfb1-eb89-4f7f-b540-7b577e583167#09027e6d-e42f-4e00-9c72-2667a5abce9f","405-7793103-5868342","9548405472","Closed","AdvancedRefund","2022-03-13T06:49:25.690Z"
"e1d5ac45-bbd6-4c44-9642-3c81f25ad3b4#15ffd8ea-ebee-45a6-9d99-79b602b2084c","404-0055117-8331501","9536500682","Closed","AdvancedRefund","2022-03-11T04:55:45.373Z"
"7f171027-fd86-49d4-bad3-e5b1b3273a5a#caf4ea2f-4773-4136-804b-7909fc3bea7a","405-7808547-3591533","9536492872","Closed","AdvancedRefund","2022-03-11T04:53:52.304Z"
"429fb3b1-4597-4c90-8529-a360a3eef38e#8183dc31-faac-4b1c-bcee-e9e3a8369a65","405-8765348-7481927","9536480642","Closed","AdvancedRefund","2022-03-11T04:48:17.472Z"
"56e02cfa-df47-4ad7-9400-b88adacb2303#f8ee61cc-aea9-4486-858e-8201d6b98c56","405-8099896-6704308","9488143672","Closed","AdvancedRefund","2022-03-03T06:15:56.120Z"
"473a2296-fa2d-4093-98a1-11c69e3f54a9#f6247288-4eea-41cf-bc3a-eb7723df0a38","402-9451479-1879518","9463871212","Expired","AdvancedRefund","2022-02-27T05:05:20.536Z"
"85e6fc8a-7fa3-4d62-86ba-b51aed1bcb08#d89ddb7a-b23b-4f47-814c-08f6459b7f8a","404-2126741-5125131","9433625192","Expired","AdvancedRefund","2022-02-22T07:58:41.635Z"
"e6c78837-af9b-44f4-8645-60cf4e1db03f#89df3f8f-3e5f-4ee2-9138-bc905edaf9c4","404-2126741-5125131","9433609732","Expired","AdvancedRefund","2022-02-22T07:56:16.935Z"
"f294f440-694e-46c8-a70c-2492375e7a4a#e8f6e029-2be0-43b6-9659-137a2f660c58","404-5234429-0433113","9398773542","Expired","AdvancedRefund","2022-02-16T04:42:30.817Z"
"18ca91bc-050e-40bf-9913-dccf574aee8b#260008d2-392e-4658-a777-a6e4c66892aa","405-3979810-8707508","9303939402","Closed","AdvancedRefund","2022-02-01T08:24:46.519Z"
"4ff42150-aec5-4e6f-a67a-e31e2b45c80e#ae1a293e-12e5-469a-9eed-acb9168f9ae8","405-3979810-8707508","9303921272","Closed","AdvancedRefund","2022-02-01T08:21:06.070Z"
"385d6645-449c-479d-b458-00164be18738#08b6d34f-5506-4ba1-bf60-6ba94f0407f1","404-0956156-8361951","9268338192","Closed","AdvancedRefund","2022-01-27T09:24:53.502Z"
"385d6645-449c-479d-b458-00164be18738#05553376-5df6-469d-8d76-36c85d53cbd0","404-0956156-8361951","9268338182","Closed","AdvancedRefund","2022-01-27T09:24:53.363Z"
"385d6645-449c-479d-b458-00164be18738#a3db72c0-9546-4d1e-a2d0-629835548e7c","404-0956156-8361951","9268315022","Expired","AdvancedRefund","2022-01-27T09:21:44.942Z"
"385d6645-449c-479d-b458-00164be18738#b091a7ab-e68c-481e-9d4a-b65befef8094","404-0956156-8361951","9268315012","Expired","AdvancedRefund","2022-01-27T09:21:44.797Z"
"385d6645-449c-479d-b458-00164be18738#7ace2748-231f-468f-a2bb-262b78370c00","404-0956156-8361951","9268311732","Expired","AdvancedRefund","2022-01-27T09:21:43.883Z"
"385d6645-449c-479d-b458-00164be18738#32061dd5-9f37-41db-9e71-d64299162e26","404-0956156-8361951","9268311722","Expired","AdvancedRefund","2022-01-27T09:21:43.738Z"
"92510500-d452-4a57-b242-7fa14e965b39#6a62e064-7120-43ce-ba24-a10bc74d455a","405-9410490-3961120","9234935972","Expired","AdvancedRefund","2022-01-22T13:21:45.566Z"
"b7024bab-acd8-4a33-84dc-3dd45e88ded7#1c72904a-e26c-4c62-a5e4-d3f264145c38","405-8020300-7831527","9234895062","Expired","AdvancedRefund","2022-01-22T13:18:48.998Z"
"6791235c-45df-4134-b38c-4b1a70ad9655#fab10b7f-5387-493e-b392-f0ff5c3482e8","405-8020300-7831527","9234875022","Expired","AdvancedRefund","2022-01-22T13:17:27.821Z"
"6791235c-45df-4134-b38c-4b1a70ad9655#c6be6620-cc50-4054-a568-85beaa05c6c1","405-8020300-7831527","9234875012","Expired","AdvancedRefund","2022-01-22T13:17:27.673Z"
"ae77a1b9-8740-434a-a43e-aa588e1b34ff#2ce240b1-c954-45dc-8035-ebc44121f098","405-9410490-3961120","9224693522","Closed","AdvancedRefund","2022-01-21T06:32:21.413Z"
"6034afdc-7b2f-44e5-8175-e8b3652c5fc6#24fe9cb2-eb28-4243-b2d2-b034ac5df40d","405-8020300-7831527","9217758492","Expired","AdvancedRefund","2022-01-20T09:25:32.806Z"
"fb821cd9-2ecd-469e-9aeb-d5e4726c00e9#42b5776a-9021-4a46-8d1b-c09594124eb9","405-8020300-7831527","9217707912","Expired","AdvancedRefund","2022-01-20T09:19:02.486Z"
"f15247e8-9b18-4f9c-b6c9-94f122999bbe#e31eb92b-986b-4a55-a6f4-cf7569de6e50","405-9410490-3961120","9202506632","Expired","AdvancedRefund","2022-01-18T13:15:05.859Z"
"0651248c-384c-4865-893f-7b165bb2e50b#c716e71a-d4e1-492f-93f8-29ae257a6917","405-9410490-3961120","9202492892","Expired","AdvancedRefund","2022-01-18T13:14:23.732Z"
"b5289ab1-a6cf-4621-9ea7-28f0d5f077a7#6972cf6d-c470-4896-8e1f-0c74c7f6eba7","405-8020300-7831527","9202468372","Expired","AdvancedRefund","2022-01-18T13:11:48.858Z"
"d91e0793-aaa5-46c1-8373-3e4981a4bb27#0f3ee104-36db-493a-9e1a-de501582b76e","405-8020300-7831527","9202454022","Closed","AdvancedRefund","2022-01-18T13:08:59.956Z"
"9606d514-9e49-4f8b-a479-22308e76da1d#b54a8c79-a35b-4652-b926-ed42c6274e00","405-8020300-7831527","9202391592","Expired","AdvancedRefund","2022-01-18T13:02:03.875Z"
"21368d33-fbc9-4091-938c-060e2746aa58#6cbd5f35-88f4-43d0-9b62-b15c171f5c15","405-8020300-7831527","9202346252","Expired","AdvancedRefund","2022-01-18T12:56:15.090Z"
"27a6bb6f-9394-496c-9a0d-b0781659c259#55c508b6-d84e-4489-90ca-3fb04e9bef29","407-6323592-3892358","9181518212","Expired","AdvancedRefund","2022-01-15T08:00:09.184Z"
"02e2b931-e42a-4af3-ae3c-3f940aed8720#e94fd556-d71e-4789-b3de-d92211c2249c","405-8020300-7831527","9173948102","Closed","AdvancedRefund","2022-01-14T07:57:15.351Z"
"15543403-c8a6-46f8-a42c-fedfbf0abc37#695852b6-2f38-42cd-95e6-9cf740578f83","405-5575725-8091502","9118401282","Expired","AdvancedRefund","2022-01-07T08:20:57.122Z"
"c282b320-e2eb-4702-881e-89ee7540390c#5f4cab7f-6fb7-425a-a7dd-ee5e6f89f565","405-0431690-5017908","9079697322","Closed","AdvancedRefund","2022-01-02T06:46:52.046Z"
"56a8d334-7b28-46ed-9cd3-5712e7133919#992a25cd-fdc0-4732-9b94-d6ea82fec77f","408-9743881-8255510","9032858222","Expired","ReplacementOrder","2021-12-27T05:49:59.539Z"
"bd5f9a92-df4f-46da-a57a-5efcba59eca0#0dfb67d6-4cbc-49bc-968f-8ff46f649de4","408-9743881-8255510","9032840562","Cancelled","ReplacementOrder","2021-12-27T05:46:50.983Z"
"8affe37b-eff1-4459-9ce2-42b560031284#de5164f5-d0fb-479e-b7dc-98cefadcf340","405-0637956-1421938","8983557612","Closed","AdvancedRefund","2021-12-19T08:32:56.236Z"
"9f609c6f-dacc-4db3-9543-171d511a350b#edcfbae0-6a5d-4a3a-b172-4ab72629915c","408-5766380-0025907","8892091172","Expired","AdvancedRefund","2021-12-06T20:26:48.837Z"
"e49e6b0e-42a5-45b1-a467-7a78f396f762#415eebb5-a73b-43d4-9245-43dca3909f4b","408-5766380-0025907","8891987752","Expired","AdvancedRefund","2021-12-06T20:05:53.572Z"
"dd40d16f-df5a-4b1f-8392-234cdcbb3bd4#0f23e361-2fad-4b65-a770-85bc07e868a6","405-3407243-2307555","8787534412","Expired","ReplacementOrder","2021-11-22T01:57:42.657Z"
"50f7ba18-8838-4f09-8506-c7ef2675976d#6e91ffc4-644c-4db2-a2f2-05a7dd4f18d5","405-0457400-9551524","8659342162","Expired","ReplacementOrder","2021-11-02T04:04:54.581Z"
"969a0640-9c26-4ba5-a5d9-581a59df85d5#1ebc3404-bcb5-46b1-b00f-d14533f0bae8","404-0483313-7628306","8578662242","Closed","AdvancedRefund","2021-10-21T03:05:28.669Z"
"8bcdc7ab-6289-4d5a-914f-888dccc70e41#fd640851-64e7-4f71-8f16-99daf722c42b","408-8997494-8928323","8578659012","Closed","AdvancedRefund","2021-10-21T03:02:30.134Z"
"e2898a5d-ddb3-4ef8-b6d7-5927fb390973#6e1a8dff-2a92-4cf2-b0ce-a4fe81ce18c7","408-8997494-8928323","8578648562","Closed","AdvancedRefund","2021-10-21T03:01:54.832Z"
"e2898a5d-ddb3-4ef8-b6d7-5927fb390973#2d9339b5-0ba4-42d6-97ca-661e1f5f1680","408-8997494-8928323","8578648552","Closed","AdvancedRefund","2021-10-21T03:01:54.625Z"
"2ed4f5ee-c00b-431a-82a4-99fc4fc7104a#a7918735-33de-4119-9428-da6ec14e88be","408-8997494-8928323","8578651452","Expired","AdvancedRefund","2021-10-21T03:01:43.361Z"
"a94e00f6-4921-4aeb-9661-60467f36465f#0a3e2fff-c80e-4617-80f2-992311b0235f","408-8997494-8928323","8578642642","Closed","AdvancedRefund","2021-10-21T02:59:18.647Z"
"0643271a-c47b-4f0f-bb5c-fa04d4f965e6#6e1bd0ff-c843-4bd0-aa0f-4985f5ef8118","408-1060238-8722743","8562431662","Closed","AdvancedRefund","2021-10-19T04:53:03.497Z"
"384aac72-e862-4dcb-ac36-b3a6de76b970#3dc933dc-cc3c-44ba-957a-587f04ad461f","408-5571582-5592341","8552404042","Expired","AdvancedRefund","2021-10-17T20:05:06.003Z"
"384aac72-e862-4dcb-ac36-b3a6de76b970#9ece7cf8-5632-433d-b716-9496edbc871a","408-5571582-5592341","8552404032","Expired","AdvancedRefund","2021-10-17T20:05:05.799Z"
"8366612e-29ed-4c6a-a4cf-4ab14e2df419#32859c70-4449-41e9-aaff-c343a9b5c7cc","408-6699936-5195517","8534164172","Expired","AdvancedRefund","2021-10-15T05:23:07.884Z"
"2999232a-0977-414d-8673-d0f94808fae4#f777a9b9-3cfb-4f74-8e64-345114ab968f","408-1121420-2793100","8533615612","Expired","ReplacementOrder","2021-10-15T01:56:28.598Z"
"0e18abe1-90d1-43c2-9a7d-10152cd6496d#01731488-e48b-46ac-acde-c92c7c50b92c","408-4133323-8342753","8491111792","Closed","AdvancedRefund","2021-10-10T02:00:49.256Z"
"b4ba8c58-381d-452a-92a1-ac52dc41a19f#cf792226-cb30-4961-8868-0f3ee619b797","408-2938043-3696369","8491121322","Expired","AdvancedRefund","2021-10-10T02:00:44.792Z"
"054bcd58-e940-467f-848a-9b10fcdd37be#a65f8373-2aa5-4e9f-a001-76926d2c1f70","408-6699936-5195517","8468250272","Closed","AdvancedRefund","2021-10-07T09:47:09.949Z"
"054bcd58-e940-467f-848a-9b10fcdd37be#410a6e19-531d-4bcb-a166-eba2be4a8c63","408-6699936-5195517","8468250262","Closed","AdvancedRefund","2021-10-07T09:47:09.710Z"
"e6abf38f-0a4a-4c68-8134-6e5b3b7d2d4e#83c366d2-697d-4f66-adde-a5b0f4b7e7ab","405-3936317-0650717","8461288402","Closed","AdvancedRefund","2021-10-06T13:31:58.450Z"
"2c9420de-5782-4be1-a573-cd2e6ff9e99e#96032a17-436c-43ac-b1fd-0e8dda826482","405-2877973-8185145","8424476372","Closed","AdvancedRefund","2021-10-01T05:35:34.287Z"
"e26fe82c-5e32-48c5-b10a-46bed0b2af14#bd2f52b7-14b9-4aa8-81bc-f8f6bd58c780","405-0180537-3768376","8384475662","Expired","AdvancedRefund","2021-09-24T04:13:53.365Z"
"feb5117d-240f-4c30-9b6d-f65aa342501d#7bc2d079-1340-497e-a469-efa9759aabb1","405-8984268-4999534","8240402622","Closed","AdvancedRefund","2021-08-30T17:30:00.278Z"
"970f033c-a1ae-408b-885f-9b12f290a92b#d0331b6d-116a-4b54-9186-dc1ff2923a7d","406-2918964-4456343","8177869252","Expired","AdvancedRefund","2021-08-19T12:43:27.813Z"
"f1037cfb-07f7-46ee-9997-c598bc876777#059fc495-4e4a-408e-8b50-d6373c38c1ce","408-9248166-1959519","8169861222","Closed","AdvancedRefund","2021-08-18T08:46:26.748Z"
"d3dd445a-19ce-4a4f-8424-2dfaf12380a2#de346e33-84ae-4af5-895a-75a38307f488","406-2918964-4456343","8147488252","Closed","AdvancedRefund","2021-08-14T06:22:41.788Z"
"2d548584-919d-41d9-a0ad-7d435b31b117#625e64de-060c-41c5-8964-de926350ee48","405-3573078-9716316","8112414412","Closed","ReplacementOrder","2021-08-09T05:51:36.347Z"
"1eaf284e-8519-4074-bdd9-d1be35a7ecf8#6e91667d-e0e1-4703-b602-fce445f0b62e","406-8952292-4803510","8000752262","Closed","AdvancedRefund","2021-07-22T09:48:03.531Z"
"e528dabe-3bcb-4b13-8408-60bbe17650c9#63e5b61e-6432-4ab8-9e49-8f1b0bee36e5","406-8952292-4803510","7992773552","Expired","ReplacementOrder","2021-07-21T06:41:22.768Z"
"e3c86fd5-66e8-44a1-a67e-55fbb96481fa#79392796-b1f8-466d-96de-2557d0733a32","406-8952292-4803510","7932720592","Closed","AdvancedRefund","2021-07-11T18:31:40.143Z"
"d9cf5c90-7c42-4bf1-8e4f-1938d3a64400#d437f23f-bab3-4f1f-b806-6746b51da981","404-4379341-2962729","7914468842","Expired","AdvancedRefund","2021-07-08T14:01:07.905Z"
"55091e68-3833-493d-b8d7-d777b3011e34#71891ba2-de86-4df5-a7ca-5f149a1c27a7","406-2354669-3803547","7874447082","Expired","AdvancedRefund","2021-07-02T06:48:54.688Z"
"55091e68-3833-493d-b8d7-d777b3011e34#f78b9a58-726b-402c-b2d7-8b69710b8ad3","406-2354669-3803547","7874447072","Expired","AdvancedRefund","2021-07-02T06:48:54.490Z"
"55091e68-3833-493d-b8d7-d777b3011e34#a49ddd69-e0a2-43d8-8fdc-d3b31fce9fb8","406-2354669-3803547","7874447062","Expired","AdvancedRefund","2021-07-02T06:48:54.292Z"
"64b82b81-4306-4961-93fd-9a8aa4780ee1#4c1f680c-32eb-44ae-a736-97b09ef993ae","405-1798773-0197954","7844330712","Closed","AdvancedRefund","2021-06-28T05:23:33.510Z"
"7637bbc4-bb41-4466-93bd-06f4702295f6#48307d4b-1e38-4279-8247-483b191cc77b","406-8234951-8965149","7796325002","Cancelled","ReplacementOrder","2021-06-20T14:16:41.779Z"
"7637bbc4-bb41-4466-93bd-06f4702295f6#90413528-75e4-4c3a-88b9-5872b52ec137","406-8234951-8965149","7796324992","Cancelled","ReplacementOrder","2021-06-20T14:16:41.588Z"
"7637bbc4-bb41-4466-93bd-06f4702295f6#51f6cf99-70d6-4a8b-82d7-dda605937fe1","406-8234951-8965149","7796324982","Cancelled","ReplacementOrder","2021-06-20T14:16:41.371Z"
"e7628502-df27-4dad-a387-ede851a90389#ea26f904-c570-44e6-9f77-e2ba5144ca45","406-1686092-7915529","7749920402","Expired","AdvancedRefund","2021-06-12T13:25:02.010Z"
"e7628502-df27-4dad-a387-ede851a90389#1b22470f-a104-44ce-baf0-ae759a4fb54d","406-1686092-7915529","7749920392","Expired","AdvancedRefund","2021-06-12T13:25:01.810Z"
"ae8c16f5-70ef-422c-87b2-de1ae4618518#eeb1f00a-8bb5-4333-9596-8b5b277487d5","405-0333814-6625116","7436805422","Closed","AdvancedRefund","2021-04-17T08:51:56.078Z"
"12d94b78-d7bd-4f61-8a1d-ea6dab9b8d6b#a3062af2-5c53-4dc8-ab7b-e7f768823236","405-0333814-6625116","7417912762","Expired","AdvancedRefund","2021-04-14T06:05:55.704Z"
"4918b40e-7b21-480f-a85c-11a4365a1556#b005059f-3c94-4c6a-a181-38e4dcdb4ed9","404-7975969-9157151","7410653602","Expired","AdvancedRefund","2021-04-13T05:23:23.888Z"
"8adf3417-2808-4c1a-ad15-9ceea9782bff#4f07ea39-60b9-4690-b5a4-5c80a11e4412","404-7975969-9157151","7376698632","Closed","AdvancedRefund","2021-04-07T09:26:39.654Z"
"b32a2f8a-9b84-48cc-8cb7-002630182e30#4c4c680b-5e3c-424f-8401-097820f29da5","405-4376853-9909914","7354414272","Closed","AdvancedRefund","2021-04-02T05:44:04.286Z"
"f7692c94-7959-42e6-9b96-1bfd0fc75035#6d70ff90-1272-489f-9caf-f88bf195b98e","404-6510402-9271534","7354393002","Expired","AdvancedRefund","2021-04-02T05:41:24.313Z"
"390e3b35-87c0-4d0e-a175-51d2053b30b4#f6dc73e6-d72b-4db0-b406-95057a2cb00f","404-6510402-9271534","7354400292","Expired","AdvancedRefund","2021-04-02T05:40:48.530Z"
"e2d9cd8f-07d2-4bba-a6bc-20a6a8771c86#bd428af6-f6f9-4d8f-877e-fee0c1a3f43a","404-6510402-9271534","7354384742","Expired","AdvancedRefund","2021-04-02T05:38:33.844Z"
"fa05e7b9-12da-428b-8cae-e4a7978f2f45#0a50d0eb-d3c7-4209-9540-33aa9eba3967","404-6510402-9271534","7354392102","Expired","AdvancedRefund","2021-04-02T05:37:22.307Z"
"01ee0f82-a1bd-4e06-8893-48dfcb100c33#603290da-6058-4fa2-833d-0bf7edceaf15","405-4376853-9909914","7349658562","Closed","AdvancedRefund","2021-04-01T10:37:53.013Z"
"23ee2ed8-affd-4e48-9549-9e293e221dd6#07c53898-e559-497e-a92d-d972adb9c712","405-1901048-1170762","7326831192","Closed","AdvancedRefund","2021-03-28T06:21:40.387Z"
"7cdfbab0-ef9b-43e2-bfb2-850dd1b8404d#a730f645-d9be-4cce-8d13-d18b9f277cb1","405-1901048-1170762","7297147652","Closed","AdvancedRefund","2021-03-23T04:50:10.622Z"
"3d406410-cfed-4944-8551-647da21d40b8#262a6528-0666-43c9-9cdb-8464e1144fd1","405-2084907-0873121","7178905612","Closed","AdvancedRefund","2021-03-02T08:15:46.835Z"
"c476582d-e1ac-4683-a035-1097e1d4ba4a#a1bdd52a-6128-48c7-8931-564c42e1a688","405-9755620-7210706","7045715482","Closed","AdvancedRefund","2021-02-06T07:31:02.600Z"
"4e66b9e8-bb0e-4a24-a205-9c1fc9019381#d4592ff7-00c8-4dbe-9e90-385d8e7478f3","405-9755620-7210706","7039468522","Closed","AdvancedRefund","2021-02-05T08:48:23.675Z"
"bed60df6-5790-4b35-b938-315949ae8314#7e71de86-ccbf-401a-b5d5-944e7f51a450","404-4472742-0998758","6992989952","Closed","ReplacementOrder","2021-01-29T13:45:26.972Z"
"9d989578-bf34-4f5f-8502-574e0e5130d1#27f18afd-5df7-430c-9440-180a1da140cd","408-1867732-8033938","6973019182","Expired","AdvancedRefund","2021-01-27T04:50:25.143Z"
"f42b4e85-42e0-4fce-8c70-9b4a7b9253d4#f97fa21a-7304-49c3-ad69-f16272ab9318","408-3115096-5312320","6950056852","Expired","AdvancedRefund","2021-01-23T13:18:02.878Z"
"ee10767c-faee-4b03-8b43-128786df5921#7a2a2b63-ddd0-4690-999c-d0d2f9ffdead","405-4775240-2410730","6947846582","Closed","AdvancedRefund","2021-01-23T06:55:20.073Z"
"cda1ef73-572e-44bf-a02e-e7bbf9c8f97c#4e738d44-0802-4a95-8c65-ebff488a2151","404-7236907-9133929","6939046412","Closed","ReplacementOrder","2021-01-22T03:04:43.251Z"
"29eaa922-28f9-4715-89c9-b5df5f2a001a#e00812e0-1646-4d4d-84e7-37571dcad078","405-8376612-4484369","6899038032","Closed","AdvancedRefund","2021-01-16T09:54:45.352Z"
"29eaa922-28f9-4715-89c9-b5df5f2a001a#c54e70fa-06c9-4068-972f-dfa8f01f6a01","405-8376612-4484369","6899038022","Closed","AdvancedRefund","2021-01-16T09:54:45.158Z"
"29eaa922-28f9-4715-89c9-b5df5f2a001a#5e6a7921-2102-45d3-9a4f-ec6c7186c077","405-8376612-4484369","6899022292","Expired","AdvancedRefund","2021-01-16T09:51:32.967Z"
"85f3d41d-1a13-4419-9dfa-e44312f031f7#d1450ac3-1e28-4eff-8adb-7bd278d56f6d","405-2324186-3837915","6727176102","Closed","AdvancedRefund","2020-12-22T05:50:05.994Z"
"7fc2f6a7-d514-4c3a-b9f8-535fff00d19c#97a85117-c162-4b1f-a46d-f8a6dde908ef","405-4453549-8366705","6660662642","Closed","AdvancedRefund","2020-12-12T06:41:17.428Z"
"ae5a72df-7927-468d-ac81-a2587c2e2abb#b9bf8be7-d321-4951-b026-320ef7b74ab8","405-4953176-6856361","6593821362","Closed","AdvancedRefund","2020-12-02T16:50:02.388Z"
"bf3977fb-4c04-401f-bcfe-227c836356d3#af1a0eb8-f069-4b98-b352-b462e459bc9a","405-5493915-0791528","6558552082","Closed","AdvancedRefund","2020-11-27T08:03:12.249Z"
"6b3720d6-1feb-4c8d-9366-d0ff54023e99#30ccf5ec-025b-4f93-9ccb-3298460d84f8","404-1943520-6035519","6497976062","Closed","AdvancedRefund","2020-11-18T10:10:06.816Z"
"26c92607-aef3-4213-baaf-8efd46ead52e#bb1cdd17-3ee7-4cff-add0-1f4a41ddc86c","405-1173214-0998701","6428073952","Closed","AdvancedRefund","2020-11-07T00:46:12.365Z"
"26c92607-aef3-4213-baaf-8efd46ead52e#c0ce3a0a-2547-466b-bab8-e91df638f7ba","405-1173214-0998701","6428073942","Closed","AdvancedRefund","2020-11-07T00:46:12.150Z"
"26c92607-aef3-4213-baaf-8efd46ead52e#6fd745f1-beb8-4e32-9fd5-d99c99e02dfe","405-1173214-0998701","6428073932","Closed","AdvancedRefund","2020-11-07T00:46:11.937Z"
"487b6859-50a4-4a7b-b502-18e2f95a23dd#6d8a2174-1bb7-4c31-925c-53b2c6bc1285","404-4921345-9067554","6343621402","Closed","AdvancedRefund","2020-10-27T06:43:00.243Z"
"487b6859-50a4-4a7b-b502-18e2f95a23dd#34b7f5f6-d98c-40ed-b8f4-c4f3b7802fd3","404-4921345-9067554","6343621392","Closed","AdvancedRefund","2020-10-27T06:42:59.961Z"
"487b6859-50a4-4a7b-b502-18e2f95a23dd#ca66b07f-08d6-4c02-a824-d192fc072886","404-4921345-9067554","6343621382","Closed","AdvancedRefund","2020-10-27T06:42:59.704Z"
"db98ae41-104b-44d2-8f64-beb600b71258#edabb2c1-2f75-426c-a025-9ea74fdaa927","405-2470365-9490717","6300213222","Expired","AdvancedRefund","2020-10-21T12:15:32.521Z"
"82d89522-4ca6-44f2-af60-7557c6c00b8a#a37845a6-841f-4868-8f7a-58b86d2e0167","405-2985958-9799561","6275620062","Expired","AdvancedRefund","2020-10-18T03:54:04.541Z"
"395def03-2c69-481d-a7a3-6ac7859e2b67#3afe1bf3-2969-4db3-a591-b21b1f1a2fd5","405-5222427-8745106","6270100562","Closed","AdvancedRefund","2020-10-17T03:50:27.253Z"
"f963144e-96b4-4a16-8deb-824154733e92#348731e3-fc2d-4f84-b74c-30c2efe4f2fd","405-9231085-1369933","6036961282","Closed","AdvancedRefund","2020-09-04T06:58:10.255Z"
"6b55e86c-9a21-455c-95d8-2fbef2c2bcf4#193af543-df4f-46d6-a502-1acd8297fa51","405-1774424-2762720","6013138702","Expired","AdvancedRefund","2020-08-31T07:45:56.523Z"
"6503c95a-1809-4aae-a4ba-19e0fe20f9c1#d891144b-3270-41f7-a6f5-f5eaf18c2571","405-1162631-1499562","5986932902","Closed","AdvancedRefund","2020-08-26T06:05:06.834Z"
"e793a441-7266-4f7f-b6b6-18c3b960697e#ffe433f7-8c10-4ae6-a85d-6493538ccd30","405-0894891-4105141","5986698902","Closed","AdvancedRefund","2020-08-26T05:21:44.984Z"
"b680e8ca-ebd0-4868-9cab-48b23df13239#3c4720b1-f2ff-4c3f-bece-3ca4f1c8eea7","405-5280760-9692308","5978015942","Closed","AdvancedRefund","2020-08-24T23:08:56.485Z"
"ec0b793d-68ae-4fa8-bf0f-dc4ad73bee79#e35099e5-b14b-45a4-9566-27cf5f508359","405-5280760-9692308","5977961302","Closed","AdvancedRefund","2020-08-24T22:31:51.955Z"
"00675c30-356d-47c9-9e45-d0fa5b2955e7#d470a9ea-91d3-4dd7-9999-f8ba0a21ba7b","405-1162631-1499562","5958291452","Expired","AdvancedRefund","2020-08-21T09:38:59.609Z"
"ec2bf2dd-5dfe-4b02-a643-b67619fd64ea#a655dc8f-8acb-4d61-af3e-69b10d425066","404-9430789-3881146","5909034222","Closed","AdvancedRefund","2020-08-12T07:57:27.591Z"
"51fc9354-a55b-4204-b6fb-ec8c74366f86#77dc1668-0b4c-44a6-ae37-025b6c49c8fb","405-3198956-2673921","5909026012","Closed","AdvancedRefund","2020-08-12T07:54:38.419Z"
"137faf6e-307f-40c7-b720-c5de4eafbfc2#8e232644-c8d6-4758-86a2-44cd779fc2d1","404-8173078-3085933","5866053732","Closed","AdvancedRefund","2020-08-04T08:11:27.827Z"
"12493ffd-9f5e-4c5b-b8a7-0633a96012d3#5514e87f-f7dd-4963-8685-08963ace0161","405-6792659-3702760","5824984802","Expired","AdvancedRefund","2020-07-27T09:14:14.875Z"
"458f2665-82d1-412a-b2f3-9a17bd132f99#28411ed4-5e0e-4173-aed8-064ae9c9469d","408-5352157-6726752","5805158112","Expired","ReplacementOrder","2020-07-22T19:11:51.188Z"
"0d93722f-a258-40d6-a083-21ca2a9b5efe#eb2a6377-2870-448d-85f5-3c8088faaf63","405-6792659-3702760","5790387742","Expired","AdvancedRefund","2020-07-20T10:14:03.176Z"
"db9fe1d1-9ba7-4b89-a8c3-96af5893da1e#3084b879-cfb3-48c3-9fe7-c67c9ff3c8d7","405-6792659-3702760","5790385352","Expired","AdvancedRefund","2020-07-20T10:12:18.574Z"
"9ba97a7a-8d95-4e9b-958f-30a73ef6964c#73c9eaa6-1b0f-445e-bb95-cca006efed1c","405-7346298-0024303","5782882112","Closed","AdvancedRefund","2020-07-18T03:52:06.548Z"
"2e420fa9-dab2-491d-b422-936cac4c71f5#5238d5bf-b1cf-422c-955a-8e01cc45b960","405-6519277-8477917","5782868252","Closed","AdvancedRefund","2020-07-18T03:46:29.527Z"
"cdc0619e-17f5-4b84-a5d2-7981203cd7a8#395fd732-3e33-48e7-8049-99b1ec7e6216","405-5485122-2750727","5767280542","Closed","AdvancedRefund","2020-07-15T07:46:24.523Z"
"365a9239-e9bb-4d61-a37c-fefc1a301060#91ad728e-2418-4cb3-9746-5d7b999a5865","405-5485122-2750727","5754126542","Closed","AdvancedRefund","2020-07-12T16:33:41.524Z"
"980e501e-5862-4145-b50c-950b2f35407a#c3694ffe-4fa5-4583-aad5-cd7cd14001cc","405-3058378-0417134","5619471492","Closed","AdvancedRefund","2020-06-12T11:47:22.738Z"
"26406811-c4e7-4f3b-be2f-eed5df9d3f12#182eb1ab-9998-41d2-b4ea-d2b774a6f9cd","405-4007494-4209908","5408940382","Closed","AdvancedRefund","2020-03-30T10:38:02.415Z"
"323e60cc-665c-469a-b9bb-809212afdea0#edfb9722-bf42-429f-89b9-50764d9eba45","406-8329274-8566759","5379225642","Closed","AdvancedRefund","2020-03-19T12:16:44.289Z"
"0aa7147d-67c2-4a88-a500-c552de4ee383#d83dad32-1e0d-4ffa-b31c-fdb19ece4fe5","404-1677273-7049125","5134157922","Closed","AdvancedRefund","2020-01-22T09:18:28.451Z"
"d0d5c5c9-cf04-426c-9569-c03065aa7de7#cd58a4d6-bf0c-418d-8fe7-bdbb03483e87","405-0357282-9654744","5071259292","Closed","AdvancedRefund","2020-01-09T03:07:59.965Z"
"4b3354f4-9a7e-49a9-b31a-521b283c5b10#aff08a6a-cdb5-4698-b323-553359ed9d26","404-1433329-6029948","4802536602","Closed","AdvancedRefund","2019-11-09T13:02:30.576Z"
"90878bbb-4203-4953-8e8b-e96da9a75adb#6d1355c6-1908-4b3e-babb-1c68e1e1c200","406-9747910-8682727","4745878502","Closed","AdvancedRefund","2019-10-27T22:30:41.910Z"
"d3c05fcf-cfcb-4e39-80bb-978d1184e2e7#09ae3dfb-588d-4fc3-ba89-f1265d0d574b","406-9227151-8657901","957003472","Expired","ReplacementOrder","2017-10-01T12:30:01.336Z"
"423cd2ff-9555-4f3f-958f-c36bd98c3841#d4f222f9-3d77-419e-86dc-e247aa3b30d2","402-9208199-0982711","2395405872","Closed","AdvancedRefund","2017-09-10T16:18:01.224Z"
"74540d8d-13f6-46d6-b244-47792de0036b#50e33fa4-b41d-4a04-bb3f-b1c74db97db9","406-4078395-3281939","948777622","Closed","ReplacementOrder","2017-09-04T08:55:57.217Z"
"b5777b86-b0bb-400b-8390-b4fb57587318#d675fac1-5215-44dd-bf18-735a5bd97b53","402-9340430-1865952","944572312","Cancelled","ReplacementOrder","2017-08-18T11:40:38.901Z"
"1666cc27-4a1f-442c-b86e-4ad3aab62c92#32757fe0-3e2c-48dd-98f5-f186097552fc","404-3930112-4644342","2304804922","Closed","AdvancedRefund","2017-07-28T04:18:30.403Z"
"7bf33d3c-8e44-4cb4-bb00-bb805e70117c#fe169e68-ffbc-428a-af33-e48a78f2c9b9","403-3634113-4037156","923991062","Closed","ReplacementOrder","2017-05-22T13:46:49.880Z"
"3f5773e8-ffd5-4347-8d57-8cd45ecc2a34#36c8d13e-1e57-4748-a872-8518efac8c68","406-5240308-1931517","2164634122","Closed","AdvancedRefund","2017-05-18T07:31:30.906Z"
"cf04649a-57b8-4173-b3d8-a2288753c1e8#24b8e3ef-e3e4-466d-8949-cacee18a0dc3","404-4155364-4879529","2164374712","Closed","AdvancedRefund","2017-05-18T04:18:39.345Z"
"de5eb316-78f1-4546-8df6-d38ff7624526#0ad8829f-7eb8-486d-9ab0-dcc8b8235d8a","406-8748940-8829968","2143481472","Closed","AdvancedRefund","2017-05-07T06:21:50.759Z"
